丽江市,10186
大理市,10487
昆明,10807
香格里拉县,10482
西双版纳傣族自治州,10809
腾冲县,10651
宁蒗彝族自治县,66252
迪庆藏族自治州,27224
景洪,18303
元阳县,11660
罗平县,10808
瑞丽,15812
德钦县,12715
建水县,15060
红河哈尼族彝族自治州,11871
东川区,10650
石林彝族自治县,10165
玉溪市,11533
怒江傈僳族自治州,10523
保山市,24185
楚雄彝族自治州,11494
和顺县,16491
弥勒县,17298
曲靖,12643
澄江县,24834
玉龙纳西族自治县,66251
昭通,11827
文山壮族苗族自治州,23865
德宏傣族景颇族自治州,19625
蒙自县,63577
丘北县,63071
元谋县,16394
临沧市,17543
勐腊县,18302
剑川县,15948
会泽县,18459
巍山彝族回族自治县,23457
鹤庆县,63566
河口瑶族自治县,141503
禄劝彝族苗族自治县,22786
墨江哈尼族自治县,14949
广南县,63072
宜良县,63063
宾川县,63567
个旧市,63576
洱源县,63565
泸西县,18119
沧源佤族自治县,140626
南涧彝族自治县,141495
勐海县,63572
呈贡县,84665
新平彝族傣族自治县,141534
武定县,17149
西盟佤族自治县,63569
澜沧拉祜族自治县,63570
贡山独龙族怒族自治县,66249
开远,17296
云龙区,63564
禄丰县,63573
盈江县,63059
思茅,141521
维西傈僳族自治县,141502
陆良县,18756
通海县,19676
石屏县,63575
龙陵县,17593
祥云县,141496
晋宁县,36359
弥渡县,33267
宣威市,63795
寻甸回族彝族自治县,140759
金平区,38972
嵩明县,141509
梁河县,63060
师宗县,63068
富宁县,141529
易门县,141535
泸水县,63061
华宁县,64113
沾益县,63067
水富县,63065
峨山彝族自治县,141533
福贡县,63062
屏边苗族自治县,141506
江川县,63574
麻栗坡县,141530
楚雄市,174647
富源县,63069
姚安县,140761
富民县,141507
绿春县,141504
大关县,141437
耿马傣族佤族自治县,141512
漾濞彝族自治县,62922
永胜县,63571
庆云县,141515
景谷傣族彝族自治县,141519
砚山县,141532
马关县,63070
盐津县,63064
永平县,141497
凤庆县,141511
永仁县,132166
鲁甸县,141438
南华县,141493
施甸县,141485
景东彝族自治县,141518
巧家县,141439
陇川县,141498
华坪县,141510
大姚县,141491
镇康县,63563
镇雄县,141444
威信县,141441
昌宁县,141484
兰坪白族普米族自治县,141516
永善县,141443
彝良县,141442
绥江县,141440
牟定县,141492
永德县,141514
西畴县,141531
双柏县,141494
苍山县,17981
狮子山区,29221
成都市,10035
九寨沟县,10136
峨眉山市,10143
稻城县,10061
色达县,10011
阿坝藏族羌族自治州,11642
都江堰市,10163
甘孜藏族自治州,10236
乐山市,11273
若尔盖县,10564
康定县,10510
西昌,11630
雅安市,12112
阆中市,10838
绵阳,13663
贡嘎县,10347
黄龙县,10162
丹巴县,10403
汶川县,10691
大邑县,16216
泸定县,10816
宜宾县,12555
广元市,14669
会理县,21667
理塘县,10509
攀枝花市,12038
彭州,19312
双流县,63021
自贡市,14653
南充市,18829
凉山彝族自治州,14754
泸州,13518
邛崃市,19375
松潘县,18415
眉山市,15128
德阳市,18974
江油,18679
黑水县,64481
茂县,64474
北川羌族自治县,12427
红原县,14946
遂宁市,14238
广安市,21831
米易县,63013
剑阁县,15981
巴中市,15274
郫县,26923
崇州,34802
达州市,21832
内江市,44453
汉源县,46641
巴塘县,11719
犍为县,16463
马尔康县,15983
温江区,37839
荥经县,66245
金川区,36836
盐源县,174428
木里藏族自治县,17625
新都区,84541
新津县,15980
宝兴县,63461
平武县,63044
洪雅县,18173
广汉,24438
九龙县,63005
小金县,66243
石棉县,63014
南江县,63057
金堂县,63039
龙泉驿区,84660
什邡市,28991
德格县,35423
天全县,63015
白玉县,10638
雅江县,62950
蒲江县,60642
屏山县,144528
绵竹市,42884
道孚县,10271
资阳,62078
会理县,63007
炉霍县,16165
新龙县,62949
冕宁县,63006
华蓥市,63056
乡城县,21469
简阳,35409
青川县,63049
石渠县,35213
彭山县,25843
叙永县,63052
古蔺县,63055
仁寿县,63017
安岳县,63047
金口河区,63018
壤塘县,10235
沐川县,63020
峨边彝族自治县,17731
罗江县,24598
大竹县,63058
合江县,63054
大英县,63051
盐边县,66244
兴文县,63042
万源市,150368
射洪县,33119
中江县,174536
武胜县,16715
青白江区,174509
雷波县,63011
石渠县,25128
资中县,66247
红安县,140577
得荣县,63046
乐至县,144532
邻水县,66248
青神县,63016
威远县,174554
通江县,140583
德昌县,174431
普格县,63008
梓潼县,63045
宣汉县,140581
苍溪县,140578
泸县,63053
夹江县,63019
长宁区,63041
三台县,174527
旺苍县,63050
富顺县,144533
南部县,174590
宁南县,63009
筠连县,144529
蓬安县,174605
丹棱县,174473
营山县,174611
得荣县,16798
美姑县,63010
仪陇县,174608
蓬溪县,174578
江安县,144527
西充县,174593
仁和区,174455
芦山县,174467
盐亭县,174530
平昌县,174626
越西县,174434
岳池县,174614
会东县,174437
喜德县,140579
开江县,174638
珙县,144530
甘洛县,174443
昭觉县,174440
井研县,174491
马边彝族自治县,174479
沿滩区,174545
金阳县,174449
上高县,63040
布拖县,174446
卧龙区,10730
杭州市,10156
绍兴市,10155
宁波,10129
舟山市,11505
嘉兴市,11681
温州,11688
南浔区,10089
嵊泗县,11469
丽水,10124
湖州市,11912
台州,13298
安吉县,10247
金华市,11252
临安,15076
桐庐县,15348
衢州市,12651
仙居县,16925
桐乡,64696
海宁市,23697
象山县,16000
奉化,16335
嘉善县,64697
诸暨,12957
义乌市,64478
临海市,11626
宁海县,16168
德清县,62051
遂昌县,10555
新昌县,10798
萧山区,84552
余姚,27329
长兴县,16002
淳安县,64682
天台县,64694
武义县,10139
余杭,24180
东阳,17385
泰顺县,10210
开化县,10154
青田县,64686
江山,12393
富阳市,14176
慈溪,22510
苍南县,17322
上虞市,16682
温岭,64695
洞头县,17321
建德市,15334
乐清市,64692
永嘉县,64691
兰溪市,16490
龙泉市,10834
瑞安市,11255
缙云县,64687
景宁畲族自治县,18088
云和县,64685
嵊州市,20996
三门峡市,11251
磐安县,45987
永康,16334
浦江县,64752
文成县,64689
海盐县,66313
平阳县,64690
岱山县,64699
松阳县,64684
龙游县,42877
平湖,63180
玉环县,84700
庆元县,64683
常山县,176465
东西湖区,10341
三亚,10030
海口市,10513
文昌市,11701
万宁市,11616
琼海,41342
陵水黎族自治县,62982
五指山市,17294
保亭黎族苗族自治县,25419
儋州,10781
东方市,62987
乐东黎族自治县,62984
琼中黎族苗族自治县,11648
澄迈县,62985
昌江区,11253
定安县,17995
白沙黎族自治县,62986
临高县,62983
屯昌县,62981
厦门,10132
福州,11498
武夷山,10039
泉州市,11246
霞浦县,12491
漳州市,10790
平潭县,10702
南靖县,14292
永定区,10494
莆田市,11784
宁德,12681
龙岩市,11624
南平市,12013
福鼎市,28210
三明,14844
泰宁县,17407
永泰县,21365
惠安县,17856
连江县,22838
漳浦县,28027
晋江,64561
长乐,21440
福清市,11369
尤溪县,17421
永安市,16593
长汀县,64541
沙县,45268
连城县,64550
石狮市,84595
仓山区,143361
德化县,64559
屏南县,17961
闽侯县,16700
仙游县,64563
福安市,16872
龙海,64577
同安区,84763
建宁县,18681
古田县,20263
海沧区,176255
周宁县,64631
长泰县,140743
罗源县,64562
安溪县,64558
永春县,38611
诏安县,64552
建瓯,29809
南安市,143527
云霄县,140615
蕉城区,143364
平和县,64551
漳平,64547
闽清县,36437
武平县,64542
华安县,64553
将乐县,140685
顺昌县,64555
龙文区,176237
翔安区,176267
宁化县,64539
秀屿区,176288
上杭县,64540
柘荣县,143366
马尾区,176279
光泽县,64580
邵武市,64554
泉港区,176252
浦城县,143362
政和县,143363
寿宁县,143365
延平区,176240
涵江区,176285
松溪县,64557
明溪县,143528
洛江区,176249
清流县,176222
大田县,176231
南京市,10684
苏州市,10207
无锡市,10140
扬州,10128
常州,10802
镇江市,12059
连云港市,10804
徐州,11431
宜兴市,10446
南通市,11558
昆山市,17362
泰州,11773
兴化市,14458
太湖县,10554
常熟,10157
淮安市,13756
盐城市,15820
溧阳市,50311
江宁区,84751
江阴市,12251
太仓市,10429
宿迁市,23129
高淳县,17397
丹阳市,17664
张家港市,59341
盱眙县,17746
如皋市,10337
启东市,140688
高邮市,21034
句容,63220
溧水县,18048
东台市,18896
泰兴市,27820
如东县,19818
邳州市,55434
靖江市,64640
大丰市,64639
海门市,64642
金坛,141611
海安县,64641
新沂,64634
扬中,64637
江都,84556
洪泽县,64635
沭阳县,176321
仪征,84494
沛县,64632
东海县,176363
射阳县,140758
睢宁县,64633
宝应县,176384
民丰县,176294
泗洪县,176312
阜宁县,140570
泗阳县,176318
建湖县,64638
灌云县,64636
滨海县,176408
响水县,176405
涟水县,176336
金湖县,176324
灌南县,176369
广州市,10088
深圳市,10198
珠海,10269
惠州,11475
佛山,13394
东莞市,12334
汕头,13063
韶关,10779
顺德区,10503
潮州市,11449
中山区,10514
番禺,26496
清远,10548
湛江市,12475
肇庆,10778
阳江市,11479
江门,12691
开平市,10507
梅州,10447
从化市,18341
南雄市,22113
惠东县,18253
河源,13022
汕尾市,11446
增城,16785
英德,15702
花都,24023
茂名,14336
揭阳市,14191
台山市,16286
南澳县,16023
乳源瑶族自治县,18190
连州,14257
云浮市,42797
盐田区,84517
阳山县,19895
连南瑶族自治县,64492
三水,19894
阳西县,63602
龙门县,64473
徐闻县,63599
新兴区,21821
普宁,17053
乐昌市,17291
恩平市,36866
博罗县,64132
雷州市,63598
阳春市,63601
斗门区,84746
新丰县,64131
信宜市,23456
大埔县,63839
堆龙德庆县,17943
罗定,38395
佛冈县,64129
丰顺县,140665
高明区,175460
鹤山,84855
连平县,24073
金湾区,175502
仁化县,64130
电白县,63600
潮安县,140663
海丰县,143405
连山壮族瑶族自治县,143404
龙川县,64134
惠阳区,175523
澄海区,84782
兴宁区,17288
饶平县,143398
四会市,140754
高州市,84731
廉江,143761
郁南县,23765
封开县,63303
高要市,143764
怀集县,140684
吴川,143763
陆丰市,143406
揭西县,175535
惠来县,66291
陆河县,143407
平远县,64135
紫金县,64133
化州,143400
五华县,143403
和平县,66290
翁源县,140548
遂溪县,143762
广宁县,140551
东源县,64476
蕉岭县,143401
始兴县,175478
潮南区,175544
桂林市,10095
阳朔县,10027
北海,10796
南宁市,10308
柳州市,12513
贺州市,12913
防城港市,13701
龙胜各族自治县,13159
东兴市,36937
梧州,26480
百色市,17133
巴马瑶族自治县,12309
靖西县,18291
崇左市,13188
三江侗族自治县,63836
钦州,15306
玉林市,12682
河池,16571
蒙山县,143422
上林县,24058
贵港市,14797
大新县,63611
来宾市,13048
灵川县,66259
昭平县,66261
凭祥市,63829
金秀瑶族自治县,34215
恭城瑶族自治县,84729
资源县,63022
桂平,63816
融水苗族自治县,63835
大兴安岭地区,63612
龙州县,140561
宜州市,64589
合浦县,140755
富川瑶族自治县,63028
德保县,63826
华容县,63589
乐业县,63827
武鸣县,63833
柳江县,143767
北流市,66258
南丹县,140565
防城港市,84744
大化瑶族自治县,44535
罗城仫佬族自治县,143417
凌云县,25645
宾阳县,63834
大兴安岭地区,66260
马山县,143420
象州县,63821
横县,63590
隆安县,140670
都安瑶族自治县,140671
博白县,33373
永福县,62635
融安县,143419
岑溪市,63026
平果县,63828
鹿寨县,63817
平乐县,63023
环江毛南族自治县,63819
上思县,63818
扶绥县,143413
浦北县,143421
灌阳县,143414
凤山县,63831
平南县,143415
灵山县,174773
陆川县,140622
田阳县,143411
那坡县,63825
钟山县,63027
东兰县,143416
武宣县,63820
藤县,63025
天峨县,57887
天等县,143765
宁明县,63830
忻城县,143418
合山市,143766
隆林各族自治县,174734
田东县,143409
苍梧县,140563
柳城县,140692
兴业县,143423
田林县,143410
覃塘区,174800
西林县,143412
拉萨,10442
林芝县,10814
阿里地区,10073
日喀则市,11474
墨脱县,10079
波密县,38413
山南地区,11606
那曲县,11662
芒康县,21606
昌都地区,11700
左贡县,29862
八宿县,63450
比如县,63538
普兰县,24194
江孜县,10812
吉隆县,16692
工布江达县,63424
浪卡子县,62934
察隅县,63432
当雄县,145300
定日县,56359
安多县,19164
札达县,22794
米林县,63427
加查县,63423
墨竹工卡县,62933
亚东县,62806
拉孜县,145313
堆龙德庆县,62928
萨迦县,10830
聂拉木县,66227
萨嘎县,145310
班戈县,62812
丁青县,30736
贡嘎县,62952
达孜县,62931
朗县,63387
仲巴县,64143
曲水县,62926
乃东县,62956
洛扎县,62951
错那县,62955
尼木县,63520
措勤县,64142
噶尔县,145312
类乌齐县,30185
那曲县,174257
工布江达县,63508
日土县,64141
巴青县,63547
索县,63522
白朗县,62808
定结县,174236
昂仁县,145311
曲松县,63420
琼结县,62953
改则县,174230
扎囊县,174275
察雅县,63504
措美县,174272
革吉县,174227
洛隆县,174287
南木林县,174245
聂荣县,174260
桑日县,63403
边坝县,174284
嘉黎县,62818
林周县,174266
贡觉县,174293
申扎县,174254
仁布县,174251
谢通门县,174233
康马县,174248
隆子县,174278
贵阳,11239
黔东南苗族侗族自治州,10381
荔波县,11932
镇远县,14753
安顺,13868
遵义,10376
赤水市,10046
兴义市,11254
凯里市,10474
铜仁市,13707
黔南布依族苗族自治州,12950
六盘水,10839
从江县,63085
毕节,16879
镇宁布依族苗族自治县,31110
雷山县,22068
都匀市,17915
黎平县,63082
织金县,63073
榕江县,28346
丹寨县,143429
盘县,63075
黔西县,63074
桐梓县,63080
贵定县,24324
三都水族自治县,63081
开阳县,16871
晴隆县,63078
大方县,143425
龙里县,140675
赫章县,27665
道真仡佬族苗族自治县,143770
平塘县,140674
仁怀市,140601
绥阳县,63076
石阡县,143442
湄潭县,140586
紫云苗族布依族自治县,11330
贞丰县,63079
习水县,64463
剑河县,140607
平坝县,66254
福泉市,140585
罗甸县,143435
关岭布依族苗族自治县,143768
思南县,143443
清镇,143426
独山县,64477
丹江口,63610
台江区,66255
天柱县,143432
黄平县,143430
修文县,140584
惠水县,143434
松桃苗族自治县,143444
水城县,66253
息烽县,143428
锦屏县,66256
施秉县,63084
安龙县,63077
麻江县,63083
三穗县,143431
六枝特区,174677
兴仁县,143440
瓮安县,143436
务川仡佬族苗族自治县,143771
正安县,143450
玉屏侗族自治县,143447
印江土家族苗族自治县,143446
长顺县,140616
纳雍县,10801
德江县,143441
凤冈县,143448
普安县,143438
册亨县,143437
余庆县,143449
金沙县,143769
望谟县,143439
普定县,143424
沿河土家族自治县,143445
岑巩县,143433
西安区,10195
敦煌市,10240
西宁市,10800
兰州市,10783
甘南县,10076
乌鲁木齐县,10218
银川市,10771
张掖,11340
伊犁哈萨克自治州,11471
嘉峪关市,11353
酒泉市,15293
延安市,11349
咸阳,18372
喀什市,10468
吐鲁番市,10469
阿勒泰,18400
祁连县,19603
汉中,13366
沙坡头区,10770
天水市,10784
宝鸡,14369
渭南,14777
中卫市,18790
门源回族自治县,13153
格尔木市,20876
布尔津县,17988
华阴,60742
榆林市,11613
哈密市,11348
临潼区,84669
海西蒙古族藏族自治州,16813
克拉玛依市,15017
天山区,17879
德令哈市,12444
安康,14410
海北藏族自治州,62074
武威,13849
夏河县,24828
库车县,16142
靖边县,33919
库尔勒市,12289
贵德县,10604
巴音郭楞蒙古自治州,18231
玉树县,11294
阿克苏地区,18008
商洛,12861
石河子市,14072
昌吉回族自治州,15462
平凉市,45900
韩城,16026
伊宁县,174176
铜川,28644
伊宁县,63095
和田市,18005
果洛藏族自治州,24944
陇南,34709
特克斯县,63096
玛多县,10568
鄯善县,16245
定西,12893
迭部县,62841
同仁县,10602
久治县,63526
昭苏县,63092
互助土族自治县,13897
乌兰察布市,63512
甘泉县,144275
乌尔禾区,21297
周至县,20770
蓝田县,64037
海南藏族自治州,62076
临夏县,62062
庆阳市,15642
玉门市,63524
碌曲县,62824
柞水县,17361
奎屯,63100
哈巴河县,20772
博乐,63090
青铜峡,10772
宜川县,64053
白银市,62060
若羌县,18014
山丹县,22612
塔城,61977
户县,64036
神木县,64031
固原市,62070
石泉县,26506
泾阳县,64045
玛曲县,62815
博尔塔拉蒙古自治州,62079
轮台县,63605
湟中县,63549
刚察县,63527
金塔县,63523
永宁县,63824
石嘴山市,62072
沙湾县,63104
沙洋县,63034
新源县,63099
叶城县,18010
海东地区,62075
吴忠,62073
黄南藏族自治州,62077
富平县,140749
黄陵县,64049
岐山县,19784
太白县,63875
西吉县,15925
佛坪县,63037
扶风县,63877
卓尼县,62828
五家渠市,32748
霍城县,63093
金昌市,62061
乾县,64039
兴平,64044
乌苏市,141561
和静县,63603
三原县,64213
蒲城县,18176
奇台县,64139
潼关县,144268
永靖县,62855
阿克塞哈萨克族自治县,63531
独山子区,63608
留坝县,63032
米脂县,33285
榆中县,62854
景泰县,62859
汉阴县,25071
镇安县,64059
白水县,64066
天祝藏族自治县,62847
礼泉县,64043
仪陇县,63874
尖扎县,63534
延川县,64051
宁强县,63029
大荔县,64068
共和县,63525
佳县,64032
木垒哈萨克自治县,141551
湟源县,63535
肃南裕固族自治县,63516
勉县,63030
南郑县,63031
达坂城区,12546
商南县,64063
民乐县,62814
阿拉尔市,23819
绥德县,50808
灵武市,11518
眉县,63876
彬县,64038
丹凤县,63038
紫阳县,64055
凤翔县,64025
临泽县,63515
平利县,64058
山阳区,64061
平罗县,66257
阜康市,64137
丹凤县,64062
永登县,62850
玛纳斯县,19148
子洲县,63878
吴堡县,144279
玛沁县,63514
城固县,63033
尉犁县,63606
高台县,34881
定边县,144276
乐都县,63532
托克逊县,141562
福海县,141547
吉木萨尔县,64138
都兰县,63511
兴文县,62860
宕昌县,66229
岷县,143370
白河县,144262
陇西县,62858
民勤县,62845
西乡塘区,63035
岚皋县,64056
合阳县,58257
宁陕县,64054
莎车县,18015
循化撒拉族自治县,63537
渭源县,62856
盐池县,63823
巩留县,63097
高陵县,144269
旬阳县,64057
镇巴县,63036
洛川县,64050
温宿县,63086
尼勒克县,63098
阿克苏市,63087
安塞县,144272
且末县,63604
中宁县,144170
宜君县,144267
乌鲁木齐县,174200
阿克陶县,62803
武功县,64040
精河县,63091
清水县,143399
府谷县,64033
临洮县,143368
博湖县,63607
囊谦县,29901
武山县,62865
淳化县,64212
康县,143379
崇礼县,62861
会宁县,140753
海晏县,63550
贺兰县,144168
班玛县,63528
黄龙县,64052
达日县,63513
成县,62863
阿图什市,62807
民丰县,62923
巴楚县,62911
永昌县,143372
泾川县,143386
拜城县,63088
舟曲县,143371
乌恰县,62804
洛南县,144266
两当县,143380
清涧县,144278
甘谷县,62866
额敏县,63103
秦安县,143394
伊吾县,64140
略阳县,144264
澄城县,30757
英吉沙县,17992
大通回族土族自治县,174302
呼图壁县,141550
察布查尔锡伯自治县,63094
水富县,174893
临潭县,66228
托里县,63102
正宁县,143393
和硕县,63807
古浪县,143397
徽县,62864
皋兰县,143374
志丹县,64047
靖远县,143367
麦盖提县,141555
旬邑县,64042
皮山县,141554
西和县,62862
杂多县,144174
麟游县,144263
焉耆回族自治县,141549
同心县,144167
沙雅县,141545
庄浪县,143385
临漳县,62857
永寿县,144271
长武县,144270
头屯河区,174203
于田县,62920
图木舒克市,62979
民和回族土族自治县,144749
墨玉县,141553
泽普县,62906
千阳县,174857
东乡族自治县,143375
子长县,144274
肃北蒙古族自治县,174317
青河县,141548
化隆回族自治县,144748
治多县,63509
天峻县,141607
裕民县,63101
吉木乃县,63609
和政县,143377
康乐县,143378
岳普湖县,62905
镇原县,143392
庆城县,143391
海原县,144169
泾源县,63822
通渭县,143369
张家川回族自治县,143396
静宁县,143383
镇坪县,144261
疏勒县,62901
伽师县,141556
疏附县,62849
会宁县,143390
阿瓦提县,141543
泽库县,63551
玉环县,143389
贵南县,144171
华池县,143388
合水县,143387
灵台县,143384
河南蒙古族自治县,174299
乌什县,62925
白碱滩区,144758
广河县,143376
柯坪县,62924
崇信县,143381
华亭县,143382
洛浦县,141552
兴海县,144173
和布克赛尔蒙古自治县,141557
隆德县,164876
和田县,174164
甘德县,144153
称多县,63510
新和县,141546
曲麻莱县,141608
彭阳县,144166
延长县,144273
阿合奇县,62846
同德县,144172
策勒县,174170
平川区,174347
青岛,10444
济南市,10575
泰山区,10284
威海市,10256
烟台,11243
日照,10805
泰安市,11817
长岛县,11270
蓬莱市,10443
曲阜,11244
潍坊,11707
临沂市,12819
台儿庄区,17019
淄博市,11705
崂山区,11400
济宁,13113
枣庄,11708
东营,11921
德州市,11936
聊城,11926
青州,15962
黄岛区,21747
菏泽,11820
荣成,55762
莱芜市,11436
乳山,11612
滨州市,20482
龙口市,16768
海阳市,64454
周村区,15960
沂水县,28294
高密市,11276
城阳区,84781
即墨,64380
滕州市,22069
栖霞区,64381
莱州市,18281
邹城,25946
章丘,25191
东平县,56775
临朐县,17889
莒南县,64330
胶州,84692
诸城市,140619
蒙阴县,64232
微山县,66309
文登市,66311
寿光市,64376
费县,144211
平邑县,63815
梁山县,140539
新泰市,23991
商河县,140800
沂源县,34195
郓城县,144195
招远,64442
兖州,84516
单县,144191
平度,64378
五莲县,64379
沂南县,139409
齐河县,140764
临清市,144208
莱阳市,84680
莒县,64377
博山区,176120
邹平县,66310
长清区,176069
平阴县,144199
汶上县,84562
阳谷县,144209
鱼台县,144202
安丘市,140763
庆云县,144182
郯城县,144213
高唐县,144205
莱西,144214
广饶县,144186
巨野县,144194
垦利县,144187
昌乐县,144216
泗水县,144203
肥城市,84544
桓台县,64375
惠民县,140762
曹县,144189
济阳县,144198
嘉祥县,144200
东阿县,144204
高陵县,23613
河口区,176129
无棣县,144176
茌平县,140538
牟平区,176150
禹城市,144185
金乡县,144201
博兴县,140587
平原县,176054
夏津县,140556
东明县,144193
鄄城县,144196
临沭县,144212
禹城市,144185
金乡县,144201
博兴县,140587
平原县,176054
夏津县,140556
东明县,144193
鄄城县,144196
临沭县,144212
乐陵市,144179
昌邑,140765
冠县,144206
利津县,144188
高青县,144217
莘县,144210
沾化县,144178
山亭区,176087
成武县,144190
阳信县,144177
武城县,144184
宁阳县,144215
宁津县,144181
临邑县,144180
平遥县,10547
太原,11240
大同,11241
晋中市,11955
临汾,11307
忻州,14528
晋城,11560
运城市,13738
恒山区,17190
长治市,14401
介休市,25315
五台县,63856
吕梁,29359
阳泉,11636
朔州,12857
宁武县,18713
榆次区,11633
永济,16944
浑源县,63866
灵石县,63857
吉县,63843
阳城县,22874
祁县,63858
应县,19640
平顺县,63948
洪洞县,63851
偏关县,63852
陵川县,63862
临县,63850
太谷县,15991
代县,63853
原平,17898
昔阳县,21711
盂县,63867
平陆县,23392
方山县,144243
壶关县,63865
芮城县,63840
右玉县,21936
交城县,19156
阳曲县,140554
沁水县,63860
高平,30990
清徐县,139652
武乡县,140668
离石区,20987
汾阳市,63847
霍州市,63846
侯马市,144232
阳高县,140553
平定县,66285
乡宁县,144234
黎城县,63849
定襄县,63854
泽州县,63861
河曲县,21048
曲沃县,63845
浮山县,144230
新绛县,63841
隰县,20990
河津,140667
稷山县,144260
怀仁县,144250
左权县,144227
襄汾县,63844
灵丘县,144222
神池县,18059
天镇县,144223
文水县,144246
娄烦县,63859
寿阳县,144225
闻喜县,144258
孝义,144247
垣曲县,63842
沁源县,144219
左云县,144224
临猗县,144257
永和县,64079
长子县,63863
榆社县,144226
柳林县,144244
石楼县,144245
潞城,63864
绛县,144259
翼城县,144235
山阴县,66284
大宁县,144229
广灵县,144221
五寨县,144255
襄垣县,140559
岢岚县,144256
繁峙县,144253
古县,144231
安泽县,144228
长兴县,144248
岚县,144249
汾西县,66282
夏县,140669
静乐县,144254
中阳县,66283
古交,144251
蒲县,144233
玛沁县,144218
交口县,21765
屯留县,144220
张家界,10267
长沙县,10466
湘西土家族苗族自治州,13287
衡山县,11886
郴州市,10792
衡阳市,10398
岳阳县,14104
韶山,12254
株洲县,21916
怀化市,23078
湘潭市,34888
常德市,17070
吉首,34639
邵阳,15540
平江县,63596
永州市,22460
武陵源区,44658
娄底市,17363
益阳市,15393
资兴,63595
南岳区,84644
浏阳市,12697
洪江市,11271
衡东县,139641
长沙县,175367
宁乡县,140624
汝城县,140742
通道侗族自治县,18875
芷江侗族自治县,11723
汨罗市,28341
望城县,36299
新化县,63583
桃源县,63581
石门县,63580
江永县,17325
新宁县,64127
宜章县,63594
安化县,57014
永顺县,64485
炎陵县,66280
道县,63587
津市市,175316
溆浦县,64093
武冈市,22088
江华瑶族自治县,140757
耒阳市,66278
化隆回族自治县,21407
花垣县,64125
古丈县,27437
醴陵市,143881
城步苗族自治县,143872
慈利县,84778
祁东县,143868
双峰县,63585
绥宁县,64487
沅陵县,64087
桂东县,143864
桂阳县,63593
涟源市,63584
攸县,63588
宁远县,63591
靖州苗族侗族自治县,140544
龙山县,64124
常宁市,63592
湘潭县,175376
新晃侗族自治县,143870
衡山县,175343
沅江市,143877
永兴县,140691
洞口县,64126
会同县,64085
临澧县,143863
湘乡,140597
茶陵县,63597
湘阴县,143879
东安县,63586
辰溪县,140756
新邵县,64128
中方县,64086
岳阳县,175397
双牌县,66276
祁阳县,140760
衡南县,143867
邵东县,143873
平南县,143876
桃江县,63582
麻阳苗族自治县,143869
桑植县,143880
保靖县,143874
临武县,143866
嘉禾县,143865
泸溪县,143875
汉寿县,140623
临澧县,143862
冷水江市,143871
安乡县,143861
蓝山县,175334
华容县,143878
临湘市,140686
邵阳县,175298
衡阳县,175340
安仁县,175391
新田县,175337
株洲县,175406
武汉市,10133
恩施土家族苗族自治州,10521
神农架林区,10489
宜昌市,10490
襄阳区,10787
咸宁,13368
十堰,11293
荆州区,14124
黄石港区,14202
黄冈,22112
黄陂区,21589
随州,10786
利川,64069
荆门,25449
鹤峰县,143840
麻城,17481
孝感,62065
丹江口,64074
赤壁市,64027
鄂州,16273
洪湖,21374
天门市,62977
钟祥市,17256
罗田县,64081
大悟县,21530
安陆,21641
巴东县,64073
潜江,62976
江夏区,175214
长阳土家族自治县,140666
宜都市,140620
南漳县,10788
郧西县,18427
仙桃市,62978
孝昌县,143857
京山县,27879
英山县,140745
红安县,18264
黄梅县,64082
通山县,64080
东西湖区,175211
蔡甸区,175208
当阳,64077
秭归县,30045
蕲春县,63421
大冶市,143843
阳新县,64083
远安县,10789
咸丰县,64070
建始县,64072
崇阳县,143853
谷城县,140621
新洲区,175238
汉川市,25311
广水,143851
松滋市,140683
五峰土家族自治县,64076
房县,143847
应城市,140748
宣恩县,64071
保康县,143855
兴山县,140618
枣阳,140746
浠水县,43564
武穴,143842
来凤县,18171
竹溪县,143850
嘉鱼县,143854
通城县,140744
云梦县,143858
老河口市,143856
枝江市,143860
沙洋县,64078
汉南区,84899
宜城,143859
石首,143846
监利县,143845
竹山县,143849
公安县,143844
团风县,143841
江陵县,175187
黄山市,10440
合肥市,10793
芜湖,10803
歙县,13125
黟县,14978
宣城市,11259
绩溪县,22673
安庆,12058
蚌埠市,15364
马鞍山,18741
池州市,39486
滁州市,15743
六安,11328
泾县,27725
巢湖市,22564
淮南市,44963
铜陵,22946
亳州,20566
淮北,15091
休宁县,26003
金寨县,16787
青阳县,64465
石台县,30827
阜阳市,62057
宁国市,64543
宿州,62058
仁寿县,64457
桐城市,15143
岳西县,64459
旌德县,140613
凤阳县,64470
潜山县,64461
肥西县,64466
霍山县,64455
祁门县,64544
舒城县,64456
广德县,60721
当涂县,11261
天长,143304
庐江县,64468
政和县,143326
定远县,29908
太湖县,64458
颍上县,140672
怀远县,64546
全椒县,143303
肥东县,64467
太和县,143521
濉溪县,64464
南陵县,143525
蒙城县,143355
无为县,143526
明光市,64545
砀山县,143328
东至县,143298
繁昌县,143524
萧县,64462
含山县,143325
望江县,143291
郎溪县,143360
长丰县,140610
涡阳县,84723
界首,143306
芜湖县,176207
宿松县,64460
临泉县,143307
来安县,143300
五河县,34950
灵璧县,140609
固镇县,66312
霍邱县,143324
利辛县,143354
枞阳县,143292
南谯区,143302
嵊泗县,143327
阜南县,143305
凤台县,143319
怀宁县,143290
婺源县,10045
庐山区,10244
南昌,11754
景德镇,10589
上饶,15219
九江县,11679
赣州,11609
井冈山,11248
宜春,14696
鹰潭市,22762
萍乡市,11303
吉安县,41448
抚州,41249
新余市,34173
石城县,19009
瑞金市,29348
贵溪市,19689
玉山县,140678
新建县,66306
樟树市,11335
弋阳县,66307
宁都县,140588
龙南县,66304
于都县,19038
铜鼓县,140680
信丰县,144112
靖安县,140738
铅山县,140591
武宁县,64472
浮梁县,66308
永修县,64471
莲花县,64157
修水县,144130
星子县,140741
瑞昌市,144123
泰和县,140596
大余县,140679
丰城,66303
永新县,39806
鄱阳县,140590
金溪县,143934
德兴市,144134
崇义县,66302
遂川县,144116
安远县,140677
兴国县,144113
宜黄县,23903
资溪县,143938
南丰县,143937
安义县,66305
进贤县,140592
乐平市,140594
黎川县,143936
安福县,140676
寻乌县,144114
新干县,144119
上高县,144126
芦溪县,144131
高安,140662
余干县,144137
吉水县,144115
乐安县,143935
崇仁县,143931
万安县,144117
宜丰县,144129
广丰县,144133
全南县,144111
上犹县,140593
会昌县,144110
奉新县,144125
广昌县,143933
赣县,144109
万载县,140598
万年县,144136
德安县,144121
都昌县,144122
定南县,144108
彭泽县,140589
上栗县,144132
分宜县,144138
东乡族自治县,143932
永丰县,144120
南城县,176030
石城县,175994
余江县,144139
峡江县,144118
湖口县,140801
横峰县,144135
北戴河区,10209
秦皇岛,11499
承德县,10432
石家庄,11830
张家口,11735
保定市,11796
唐山市,11781
张北县,11386
崇礼县,16575
邯郸,11732
蔚县,11808
廊坊,14548
沽源县,11567
昌黎县,20079
丰宁满族自治县,17860
山海关区,10480
邢台市,12057
沧州,14894
乐亭县,10785
涞源县,18746
正定县,23029
涿州,12053
衡水,13034
兴隆县,34594
米易县,11265
怀来县,19205
平山县,17730
定州市,26831
赤城县,52710
井陉矿区,17408
赵县,16016
霸州,11269
滦县,64150
遵化,21463
涞水县,66298
黄骅市,16971
滦平县,64144
迁安市,64151
鹿泉,64195
宣化区,64172
迁西县,64149
武安市,64184
安新县,64182
抚宁县,66301
固安县,140608
涿鹿县,63309
涉县,64183
三河市,140694
阜平县,143461
香河县,64147
吴桥县,143480
满城县,143464
高碑店市,143462
大名县,64188
清苑县,11267
阳原县,64171
任丘市,140555
唐海县,30428
平泉县,64146
河间,140603
唐县,64170
雄县,143467
徐水县,143468
晋州市,64192
南宫市,17272
灵寿县,64193
赞皇县,64194
永年县,64186
沙河口区,134713
磁县,64185
曲阳县,143465
丰润区,84742
丰南区,32557
新乐,64189
古冶区,175964
冀州市,143541
顺平县,143466
高青县,143478
隆化县,66299
泊头,143471
清河门区,143705
玉田县,143552
临漳县,66297
峰峰矿区,175838
魏县,64187
藁城市,143698
容城县,140605
卢龙县,143697
安国,143458
安平县,143539
定兴县,143460
辛集,143548
元氏县,140606
滦南县,64148
东光县,143474
沧县,143473
献县,143481
景县,143542
故城县,143538
蠡县,143469
临城县,143556
内丘县,143701
永清县,143696
宁晋县,143702
巨鹿县,143555
广宗县,143554
栾城县,143551
高阳县,143463
下花园区,175916
文安县,143695
盐山县,143529
成安县,140604
邱县,143534
南皮县,143477
馆陶县,143530
无极县,143549
高邑县,143546
肥乡县,143532
孟村回族自治县,143476
肃宁县,143479
万全县,175904
望都县,63222
阜城县,143537
威县,175883
饶阳县,143543
枣强县,143694
怀安县,175898
曲周县,143535
广平县,143533
新河县,175880
康保县,175901
深州市,175919
鸡泽县,143531
海兴县,143475
行唐县,143550
南和县,143700
柏乡县,143553
临西县,175886
武邑县,143545
隆尧县,143699
深泽县,143547
平乡县,143703
博野县,143459
任县,175877
尚义县,175895
井陉矿区,175853
鹰手营子矿区,175934
洛阳,10094
郑州市,10794
开封市,11242
安阳市,13805
焦作,12099
新乡县,13100
信阳,13628
三门峡市,17245
南阳,17396
登封市,64201
栾川县,24660
许昌市,13326
商丘,14499
平顶山市,14186
济源,10733
驻马店,32080
林州,64164
漯河,25503
辉县市,64199
巩义,16684
周口,14445
濮阳县,11484
鹤壁,24270
修武县,64160
新郑,66292
鲁山县,15961
淮阳县,16887
西峡县,63871
嵩县,48962
新密市,140540
禹州,66293
灵宝市,66287
荥阳,64469
新安县,63870
遂平县,66295
汝州市,140612
汤阴县,64166
鄢陵县,140566
商城县,64167
永城市,140557
中牟县,143793
偃师,143782
鹿邑县,64181
舞钢市,64159
沁阳市,66289
卫辉,64200
方城县,140562
桐柏县,143784
孟津县,66288
新野县,18511
郏县,64158
民权县,140568
南召县,143783
淅川县,140689
滑县,143772
泌阳县,64162
淇县,64168
汝阳县,140673
社旗县,63873
浚县,64169
项城,64179
洛宁县,143780
固始县,84721
内乡县,63872
永新县,175769
汝南县,64163
邓州,140560
兰考县,141609
舞阳县,143803
确山县,66294
武陟县,143774
襄城区,64161
罗山县,175763
渑池县,140567
博爱县,140558
义马,143788
镇平县,140582
长垣县,143789
原阳县,140571
西华县,143797
正阳县,143802
宝丰县,143785
长葛,140617
伊川县,143781
临颍县,66296
宜阳县,140569
叶县,143786
沈丘县,143795
宁陵县,175811
睢县,175805
光山县,175766
夏邑县,175823
西平县,143800
平舆县,143798
唐河县,18279
封丘县,143790
卢氏县,143787
温县,175676
太康县,143796
郸城县,175802
扶沟县,64177
柘城县,175808
清丰县,143804
虞城县,175820
杞县,143778
孟州市,175673
上街区,175691
内黄县,143773
潢川县,175772
上蔡县,143799
新蔡县,143801
尉氏县,143776
息县,64165
吉利区,175658
延津县,143792
台前县,175835
南乐县,143805
马村区,175688
获嘉县,143791
淮滨县,175775
通许县,143775
商水县,143794
石龙区,175661
呼伦贝尔市,10774
阿尔山市,10390
额济纳旗,10456
呼和浩特,11415
克什克腾旗,10478
赤峰,11573
满洲里市,14939
锡林郭勒盟,10704
海拉尔区,10414
鄂尔多斯市,13190
阿拉善右旗,11577
包头,11574
额尔古纳市,10763
乌兰察布市,11572
锡林浩特市,20235
通辽市,12586
兴安盟,62069
多伦县,10707
巴彦淖尔市,11605
乌海市,27792
根河,18001
二连浩特,18550
乌兰浩特,18445
阿拉善左旗,62962
太仆寺旗,10291
库伦旗,25608
扎兰屯市,22975
西乌珠穆沁旗,62842
达拉特旗,63316
牙克石,21669
正蓝旗,62834
翁牛特旗,10775
东乌珠穆沁旗,62838
陈巴尔虎旗,19855
霍林郭勒,62945
阿拉善右旗,62958
奈曼旗,16856
东胜区,63318
伊金霍洛旗,63313
察哈尔右翼中旗,66240
鄂伦春自治旗,62935
乌拉特前旗,63043
武川县,39735
四子王旗,63333
新巴尔虎左旗,62844
察哈尔右翼后旗,144742
科尔沁右翼中旗,62946
东河区,63326
兴和县,63341
巴林右旗,62940
清水河县,63346
苏尼特右旗,63391
扎鲁特旗,62944
达尔罕茂明安联合旗,66232
巴林左旗,62942
科尔沁左翼后旗,144739
新巴尔虎右旗,62843
乌审旗,63118
喀喇沁旗,62939
宁城县,62941
凉城县,66242
苏尼特左旗,63409
镶黄旗,62821
正镶白旗,62827
固阳县,63324
阿鲁科尔沁旗,62943
阿荣旗,62937
丰镇市,144744
阿巴嘎旗,62825
和林格尔县,144160
土默特左旗,144161
突泉县,62947
鄂温克族自治旗,62936
察哈尔右翼前旗,144743
准格尔旗,63320
敖汉旗,144738
科尔沁左翼中旗,144741
林西县,44038
乌拉特中旗,63002
鄂托克前旗,140552
鄂托克旗,144159
杭锦旗,63105
托克托县,144162
化德县,144745
科尔沁右翼前旗,144747
五原县,174374
扎赉特旗,144165
卓资县,63335
土默特右旗,144737
磴口县,174365
乌拉特后旗,174362
杭锦后旗,174368
开鲁县,144163
商都县,144746
东乌珠穆沁旗,17305
哈尔滨,10068
大连,10301
沈阳,10075
漠河县,10427
长春市,11247
丹东,10584
吉林市,11779
本溪满族自治县,11268
盘锦,10728
延吉市,11508
牡丹江,13913
伊春市,11473
葫芦岛市,13055
大兴安岭地区,11526
锦州市,10537
兴城市,10290
抚顺县,11905
马鞍山,11553
齐齐哈尔市,11709
五大连池市,16910
营口,14907
延边朝鲜族自治州,54510
大庆市,11678
旅顺口区,16786
鲅鱼圈区,17805
海林市,64724
绥中县,10287
黑河市,22006
五常,31010
安图县,64859
辽阳市,23255
抚远县,28807
佳木斯市,13267
白山市,15139
通化,13856
千山区,17806
铁岭市,14675
绥芬河市,34380
图们,20908
宽甸满族自治县,64713
阜新市,20885
珲春市,63884
集安市,33151
白城市,22558
敦化,64734
鸡西,12400
长海县,64706
抚松县,64858
绥化市,34385
朝阳区,62068
凤城市,64712
临江市,13519
松原,62067
长白朝鲜族自治县,64733
鹤岗,12369
尚志市,66315
桓仁满族自治县,60225
辽源,18382
四平,62066
瓦房店,63909
庄河市,140740
金州区,134707
蛟河市,64731
同江,28976
海城,64760
盖州市,16642
虎林市,64727
东港,64711
逊克县,27077
双鸭山市,62063
龙井市,64861
辉南县,24853
嘉荫县,64723
新宾满族自治县,64715
塔河县,34260
密山市,143816
大洼县,64708
清原满族自治县,64716
岫岩满族自治县,64709
北安市,143813
杜尔伯特蒙古族自治县,64719
大石桥市,144158
梨树县,176936
呼玛县,64717
调兵山市,144154
饶河县,64728
梅河口,39075
七台河,62064
友谊县,176918
普兰店市,140751
和龙市,64860
宁安,64725
铁力,64720
富裕县,176744
东宁县,143821
汤旺河区,176825
灯塔市,64710
宜宾县,140549
开原,176684
义县,144148
木兰县,143810
萝北县,64726
法库县,144149
依兰县,38279
方正县,143809
康平县,144150
乾安县,18991
凌源市,144143
林甸县,64721
公主岭市,176939
辽中县,144151
德惠,143885
榆树市,143886
磐石市,143887
桦甸,140599
富锦市,143817
林口县,143822
靖宇县,64732
巴彦淖尔市,143808
彰武县,144144
肇东市,143839
通河县,64722
新民,176624
凌海市,140750
南岔区,20511
讷河,143830
北票市,144140
建昌县,144146
农安县,64730
西丰县,144156
双辽市,140600
红星区,176822
克山县,143827
弓长岭区,176669
永吉县,143888
汪清县,64863
舒兰市,176996
延寿县,143811
克东县,143826
建平县,144141
大安区,176924
通榆县,64729
洮南市,143883
台安县,143289
肇州县,143807
九台,143884
泰来县,143828
扶余县,176933
昌图县,144152
富拉尔基区,64718
汤原县,143818
鸡东县,143815
桦南县,143820
双阳区,176966
勃利县,143824
绥滨县,143812
望奎县,143838
绥棱县,143837
海伦市,144525
明水县,143834
兰西县,143833
镇赉县,143882
宝清县,143831
集贤县,143832
孙吴县,140550
肇源县,143806
乌伊岭区,176828
柳河县,176978
抚顺县,176708
五营区,176819
庆安县,143836
通化县,176975
辽阳县,176654
金山屯区,176831
朝阳县,176543
新青区,176834
上甘岭区,176813
清河门区,176585
穆棱市,143823
东丰县,143889
长岭县,176927
依安县,143829
拜泉县,143825
青冈县,143835
桦川县,143819
东辽县,143890
带岭区,176807
麻山区,176888
乌马河区,176804
北京,10065
天津市,10320
重庆市,10208
上海市,10099
